


--------------------------------------------------------
-- XOA DU LIEU CU (Theo thu tu khoa ngoai de tranh loi)
--------------------------------------------------------
DELETE FROM CHITIET_DICHVU;
DELETE FROM HOADON;
DELETE FROM DICHVU;
DELETE FROM DATPHONG;
DELETE FROM KHACHHANG;
DELETE FROM PHONG;
DELETE FROM LOAIPHONG;
DELETE FROM NHANVIEN;
-- DELETE FROM LOG_AUDIT; -- Bo comment neu ban co bang nay
COMMIT;

--------------------------------------------------------
-- 1. BANG LOAIPHONG (5 Loai)
--------------------------------------------------------
INSERT INTO LOAIPHONG (MALOAIPHONG, TENLOAI, GIA_COBAN) VALUES ('LP01', 'Standard Single', 500000);
INSERT INTO LOAIPHONG (MALOAIPHONG, TENLOAI, GIA_COBAN) VALUES ('LP02', 'Standard Double', 700000);
INSERT INTO LOAIPHONG (MALOAIPHONG, TENLOAI, GIA_COBAN) VALUES ('LP03', 'VIP Single', 1200000);
INSERT INTO LOAIPHONG (MALOAIPHONG, TENLOAI, GIA_COBAN) VALUES ('LP04', 'VIP Double', 1500000);
INSERT INTO LOAIPHONG (MALOAIPHONG, TENLOAI, GIA_COBAN) VALUES ('LP05', 'President Suite', 5000000);

--------------------------------------------------------
-- 2. BANG PHONG (25 Phong)
--------------------------------------------------------
-- Tang 1 (Standard)
INSERT INTO PHONG VALUES ('P101', 'LP01', '101', 'Dang o');
INSERT INTO PHONG VALUES ('P102', 'LP01', '102', 'Trong');
INSERT INTO PHONG VALUES ('P103', 'LP01', '103', 'Dang o');
INSERT INTO PHONG VALUES ('P104', 'LP02', '104', 'Trong');
INSERT INTO PHONG VALUES ('P105', 'LP02', '105', 'Trong');
-- Tang 2 (Standard & VIP)
INSERT INTO PHONG VALUES ('P201', 'LP02', '201', 'Trong');
INSERT INTO PHONG VALUES ('P202', 'LP02', '202', 'Dang o');
INSERT INTO PHONG VALUES ('P203', 'LP03', '203', 'Trong');
INSERT INTO PHONG VALUES ('P204', 'LP03', '204', 'Trong');
INSERT INTO PHONG VALUES ('P205', 'LP03', '205', 'Trong');
-- Tang 3 (VIP)
INSERT INTO PHONG VALUES ('P301', 'LP03', '301', 'Dang o');
INSERT INTO PHONG VALUES ('P302', 'LP04', '302', 'Trong');
INSERT INTO PHONG VALUES ('P303', 'LP04', '303', 'Trong');
INSERT INTO PHONG VALUES ('P304', 'LP04', '304', 'Dang o');
INSERT INTO PHONG VALUES ('P305', 'LP04', '305', 'Trong');
-- Tang 4 (VIP & Suite)
INSERT INTO PHONG VALUES ('P401', 'LP04', '401', 'Trong');
INSERT INTO PHONG VALUES ('P402', 'LP04', '402', 'Trong');
INSERT INTO PHONG VALUES ('P403', 'LP05', '403', 'Dang o');
INSERT INTO PHONG VALUES ('P404', 'LP05', '404', 'Trong');
INSERT INTO PHONG VALUES ('P405', 'LP05', '405', 'Trong');
-- Tang 5
INSERT INTO PHONG VALUES ('P501', 'LP02', '501', 'Trong');
INSERT INTO PHONG VALUES ('P502', 'LP02', '502', 'Trong');
INSERT INTO PHONG VALUES ('P503', 'LP03', '503', 'Trong');
INSERT INTO PHONG VALUES ('P504', 'LP03', '504', 'Trong');
INSERT INTO PHONG VALUES ('P505', 'LP05', '505', 'Trong');

--------------------------------------------------------
-- 3. BANG NHANVIEN (20 Nhan vien)
--------------------------------------------------------
INSERT INTO NHANVIEN (MANV, HOTEN, TENDANGNHAP, MATKHAU, CHUCVU, LUONG_GOC) VALUES ('NV01', 'Huynh Ngoc Khoi', 'khoi_admin', '8d969eef6ecad3c29a3a629280e686cf0c3f5d5a86aff3ca12020c923adc6c92', 'QUANLY', 25000000);
INSERT INTO NHANVIEN (MANV, HOTEN, TENDANGNHAP, MATKHAU, CHUCVU, LUONG_GOC) VALUES ('NV02', 'Pham Thi Thanh Huong', 'huong_letan', '8d969eef6ecad3c29a3a629280e686cf0c3f5d5a86aff3ca12020c923adc6c92', 'LETAN', 12000000);
INSERT INTO NHANVIEN (MANV, HOTEN, TENDANGNHAP, MATKHAU, CHUCVU, LUONG_GOC) VALUES ('NV03', 'Nguyen Minh Hung', 'hung_ketoan', '8d969eef6ecad3c29a3a629280e686cf0c3f5d5a86aff3ca12020c923adc6c92', 'KETOAN', 14000000);


INSERT INTO NHANVIEN (MANV, HOTEN, TENDANGNHAP, MATKHAU, CHUCVU, LUONG_GOC) VALUES ('NV04', 'Tran Van A', 'nv_a', '8d969eef6ecad3c29a3a629280e686cf0c3f5d5a86aff3ca12020c923adc6c92', 'BAOVE', 8000000);
INSERT INTO NHANVIEN (MANV, HOTEN, TENDANGNHAP, MATKHAU, CHUCVU, LUONG_GOC) VALUES ('NV05', 'Le Thi B', 'nv_b', '8d969eef6ecad3c29a3a629280e686cf0c3f5d5a86aff3ca12020c923adc6c92', 'TAPVU', 7000000);
INSERT INTO NHANVIEN (MANV, HOTEN, TENDANGNHAP, MATKHAU, CHUCVU, LUONG_GOC) VALUES ('NV06', 'Nguyen C', 'nv_c', '8d969eef6ecad3c29a3a629280e686cf0c3f5d5a86aff3ca12020c923adc6c92', 'LETAN', 8500000);
INSERT INTO NHANVIEN (MANV, HOTEN, TENDANGNHAP, MATKHAU, CHUCVU, LUONG_GOC) VALUES ('NV07', 'Pham D', 'nv_d', '8d969eef6ecad3c29a3a629280e686cf0c3f5d5a86aff3ca12020c923adc6c92', 'LETAN', 8500000);
INSERT INTO NHANVIEN (MANV, HOTEN, TENDANGNHAP, MATKHAU, CHUCVU, LUONG_GOC) VALUES ('NV08', 'Hoang E', 'nv_e', '8d969eef6ecad3c29a3a629280e686cf0c3f5d5a86aff3ca12020c923adc6c92', 'BUONGPHONG', 7500000);
INSERT INTO NHANVIEN (MANV, HOTEN, TENDANGNHAP, MATKHAU, CHUCVU, LUONG_GOC) VALUES ('NV09', 'Vu F', 'nv_f', '8d969eef6ecad3c29a3a629280e686cf0c3f5d5a86aff3ca12020c923adc6c92', 'BUONGPHONG', 7500000);
INSERT INTO NHANVIEN (MANV, HOTEN, TENDANGNHAP, MATKHAU, CHUCVU, LUONG_GOC) VALUES ('NV10', 'Dang G', 'nv_g', '8d969eef6ecad3c29a3a629280e686cf0c3f5d5a86aff3ca12020c923adc6c92', 'BAOTRI', 9000000);
INSERT INTO NHANVIEN (MANV, HOTEN, TENDANGNHAP, MATKHAU, CHUCVU, LUONG_GOC) VALUES ('NV11', 'Bui H', 'nv_h', '8d969eef6ecad3c29a3a629280e686cf0c3f5d5a86aff3ca12020c923adc6c92', 'BEPTRUONG', 18000000);
INSERT INTO NHANVIEN (MANV, HOTEN, TENDANGNHAP, MATKHAU, CHUCVU, LUONG_GOC) VALUES ('NV12', 'Do I', 'nv_i', '8d969eef6ecad3c29a3a629280e686cf0c3f5d5a86aff3ca12020c923adc6c92', 'PHUBEP', 8000000);
INSERT INTO NHANVIEN (MANV, HOTEN, TENDANGNHAP, MATKHAU, CHUCVU, LUONG_GOC) VALUES ('NV13', 'Ho K', 'nv_k', '8d969eef6ecad3c29a3a629280e686cf0c3f5d5a86aff3ca12020c923adc6c92', 'PHUBEP', 8000000);
INSERT INTO NHANVIEN (MANV, HOTEN, TENDANGNHAP, MATKHAU, CHUCVU, LUONG_GOC) VALUES ('NV14', 'Ngo L', 'nv_l', '8d969eef6ecad3c29a3a629280e686cf0c3f5d5a86aff3ca12020c923adc6c92', 'IT', 15000000);
INSERT INTO NHANVIEN (MANV, HOTEN, TENDANGNHAP, MATKHAU, CHUCVU, LUONG_GOC) VALUES ('NV15', 'Duong M', 'nv_m', '8d969eef6ecad3c29a3a629280e686cf0c3f5d5a86aff3ca12020c923adc6c92', 'LETAN', 8500000);
INSERT INTO NHANVIEN (MANV, HOTEN, TENDANGNHAP, MATKHAU, CHUCVU, LUONG_GOC) VALUES ('NV16', 'Ly N', 'nv_n', '8d969eef6ecad3c29a3a629280e686cf0c3f5d5a86aff3ca12020c923adc6c92', 'KETOAN', 11000000);
INSERT INTO NHANVIEN (MANV, HOTEN, TENDANGNHAP, MATKHAU, CHUCVU, LUONG_GOC) VALUES ('NV17', 'Vuong O', 'nv_o', '8d969eef6ecad3c29a3a629280e686cf0c3f5d5a86aff3ca12020c923adc6c92', 'NHANSU', 13000000);
INSERT INTO NHANVIEN (MANV, HOTEN, TENDANGNHAP, MATKHAU, CHUCVU, LUONG_GOC) VALUES ('NV18', 'Truong P', 'nv_p', '8d969eef6ecad3c29a3a629280e686cf0c3f5d5a86aff3ca12020c923adc6c92', 'SALE', 12000000);
INSERT INTO NHANVIEN (MANV, HOTEN, TENDANGNHAP, MATKHAU, CHUCVU, LUONG_GOC) VALUES ('NV19', 'Dinh Q', 'nv_q', '8d969eef6ecad3c29a3a629280e686cf0c3f5d5a86aff3ca12020c923adc6c92', 'SALE', 12000000);
INSERT INTO NHANVIEN (MANV, HOTEN, TENDANGNHAP, MATKHAU, CHUCVU, LUONG_GOC) VALUES ('NV20', 'Lam R', 'nv_r', '8d969eef6ecad3c29a3a629280e686cf0c3f5d5a86aff3ca12020c923adc6c92', 'LAIXE', 8000000);

--------------------------------------------------------
-- 4. BANG KHACHHANG (40 Khach)
--------------------------------------------------------
INSERT INTO KHACHHANG (MAKH, HOTEN, SDT, DIACHI, CCCD_GOC) VALUES ('KH01', 'Nguyen Van A', '0901234567', 'TPHCM', '079123000001');
INSERT INTO KHACHHANG (MAKH, HOTEN, SDT, DIACHI, CCCD_GOC) VALUES ('KH02', 'Tran Thi B', '0901234568', 'Ha Noi', '079123000002');
INSERT INTO KHACHHANG (MAKH, HOTEN, SDT, DIACHI, CCCD_GOC) VALUES ('KH03', 'Le Van C', '0901234569', 'Da Nang', '079123000003');
INSERT INTO KHACHHANG (MAKH, HOTEN, SDT, DIACHI, CCCD_GOC) VALUES ('KH04', 'Pham Thi D', '0901234570', 'Can Tho', '079123000004');
INSERT INTO KHACHHANG (MAKH, HOTEN, SDT, DIACHI, CCCD_GOC) VALUES ('KH05', 'Hoang Van E', '0901234571', 'Binh Duong', '079123000005');
INSERT INTO KHACHHANG (MAKH, HOTEN, SDT, DIACHI, CCCD_GOC) VALUES ('KH06', 'Vu Thi F', '0901234572', 'Dong Nai', '079123000006');
INSERT INTO KHACHHANG (MAKH, HOTEN, SDT, DIACHI, CCCD_GOC) VALUES ('KH07', 'Dang Van G', '0901234573', 'Vung Tau', '079123000007');
INSERT INTO KHACHHANG (MAKH, HOTEN, SDT, DIACHI, CCCD_GOC) VALUES ('KH08', 'Bui Thi H', '0901234574', 'Nha Trang', '079123000008');
INSERT INTO KHACHHANG (MAKH, HOTEN, SDT, DIACHI, CCCD_GOC) VALUES ('KH09', 'Do Van I', '0901234575', 'Da Lat', '079123000009');
INSERT INTO KHACHHANG (MAKH, HOTEN, SDT, DIACHI, CCCD_GOC) VALUES ('KH10', 'Ho Thi K', '0901234576', 'Hue', '079123000010');
INSERT INTO KHACHHANG (MAKH, HOTEN, SDT, DIACHI, CCCD_GOC) VALUES ('KH11', 'Ngo Van L', '0901234577', 'Hai Phong', '079123000011');
INSERT INTO KHACHHANG (MAKH, HOTEN, SDT, DIACHI, CCCD_GOC) VALUES ('KH12', 'Duong Thi M', '0901234578', 'Quang Ninh', '079123000012');
INSERT INTO KHACHHANG (MAKH, HOTEN, SDT, DIACHI, CCCD_GOC) VALUES ('KH13', 'Ly Van N', '0901234579', 'Thanh Hoa', '079123000013');
INSERT INTO KHACHHANG (MAKH, HOTEN, SDT, DIACHI, CCCD_GOC) VALUES ('KH14', 'Vuong Thi O', '0901234580', 'Nghe An', '079123000014');
INSERT INTO KHACHHANG (MAKH, HOTEN, SDT, DIACHI, CCCD_GOC) VALUES ('KH15', 'Truong Van P', '0901234581', 'Quang Nam', '079123000015');
INSERT INTO KHACHHANG (MAKH, HOTEN, SDT, DIACHI, CCCD_GOC) VALUES ('KH16', 'Dinh Thi Q', '0901234582', 'Quang Ngai', '079123000016');
INSERT INTO KHACHHANG (MAKH, HOTEN, SDT, DIACHI, CCCD_GOC) VALUES ('KH17', 'Lam Van R', '0901234583', 'Binh Dinh', '079123000017');
INSERT INTO KHACHHANG (MAKH, HOTEN, SDT, DIACHI, CCCD_GOC) VALUES ('KH18', 'Mai Thi S', '0901234584', 'Phu Yen', '079123000018');
INSERT INTO KHACHHANG (MAKH, HOTEN, SDT, DIACHI, CCCD_GOC) VALUES ('KH19', 'Cao Van T', '0901234585', 'Khanh Hoa', '079123000019');
INSERT INTO KHACHHANG (MAKH, HOTEN, SDT, DIACHI, CCCD_GOC) VALUES ('KH20', 'Phan Thi U', '0901234586', 'Ninh Thuan', '079123000020');
INSERT INTO KHACHHANG (MAKH, HOTEN, SDT, DIACHI, CCCD_GOC) VALUES ('KH21', 'Chau Van V', '0901234587', 'Binh Thuan', '079123000021');
INSERT INTO KHACHHANG (MAKH, HOTEN, SDT, DIACHI, CCCD_GOC) VALUES ('KH22', 'Ha Thi X', '0901234588', 'Lam Dong', '079123000022');
INSERT INTO KHACHHANG (MAKH, HOTEN, SDT, DIACHI, CCCD_GOC) VALUES ('KH23', 'Doan Van Y', '0901234589', 'Dak Lak', '079123000023');
INSERT INTO KHACHHANG (MAKH, HOTEN, SDT, DIACHI, CCCD_GOC) VALUES ('KH24', 'Ta Thi Z', '0901234590', 'Gia Lai', '079123000024');
INSERT INTO KHACHHANG (MAKH, HOTEN, SDT, DIACHI, CCCD_GOC) VALUES ('KH25', 'To Van W', '0901234591', 'Kon Tum', '079123000025');
INSERT INTO KHACHHANG (MAKH, HOTEN, SDT, DIACHI, CCCD_GOC) VALUES ('KH26', 'Phan Van An', '0901234592', 'Quang Binh', '079123000026');
INSERT INTO KHACHHANG (MAKH, HOTEN, SDT, DIACHI, CCCD_GOC) VALUES ('KH27', 'Tran Thi Bao', '0901234593', 'Ha Tinh', '079123000027');
INSERT INTO KHACHHANG (MAKH, HOTEN, SDT, DIACHI, CCCD_GOC) VALUES ('KH28', 'Nguyen Van Cuong', '0901234594', 'Bac Ninh', '079123000028');
INSERT INTO KHACHHANG (MAKH, HOTEN, SDT, DIACHI, CCCD_GOC) VALUES ('KH29', 'Le Thi Dung', '0901234595', 'Vinh Phuc', '079123000029');
INSERT INTO KHACHHANG (MAKH, HOTEN, SDT, DIACHI, CCCD_GOC) VALUES ('KH30', 'Hoang Van Em', '0901234596', 'Phu Tho', '079123000030');
INSERT INTO KHACHHANG (MAKH, HOTEN, SDT, DIACHI, CCCD_GOC) VALUES ('KH31', 'Vu Thi Fang', '0901234597', 'Thai Nguyen', '079123000031');
INSERT INTO KHACHHANG (MAKH, HOTEN, SDT, DIACHI, CCCD_GOC) VALUES ('KH32', 'Dang Van Giang', '0901234598', 'Bac Giang', '079123000032');
INSERT INTO KHACHHANG (MAKH, HOTEN, SDT, DIACHI, CCCD_GOC) VALUES ('KH33', 'Bui Thi Ha', '0901234599', 'Lang Son', '079123000033');
INSERT INTO KHACHHANG (MAKH, HOTEN, SDT, DIACHI, CCCD_GOC) VALUES ('KH34', 'Do Van Inh', '0901234600', 'Cao Bang', '079123000034');
INSERT INTO KHACHHANG (MAKH, HOTEN, SDT, DIACHI, CCCD_GOC) VALUES ('KH35', 'Ho Thi Kim', '0901234601', 'Ha Giang', '079123000035');
INSERT INTO KHACHHANG (MAKH, HOTEN, SDT, DIACHI, CCCD_GOC) VALUES ('KH36', 'Ngo Van Long', '0901234602', 'Lao Cai', '079123000036');
INSERT INTO KHACHHANG (MAKH, HOTEN, SDT, DIACHI, CCCD_GOC) VALUES ('KH37', 'Duong Thi Mai', '0901234603', 'Yen Bai', '079123000037');
INSERT INTO KHACHHANG (MAKH, HOTEN, SDT, DIACHI, CCCD_GOC) VALUES ('KH38', 'Ly Van Nam', '0901234604', 'Tuyen Quang', '079123000038');
INSERT INTO KHACHHANG (MAKH, HOTEN, SDT, DIACHI, CCCD_GOC) VALUES ('KH39', 'Vuong Thi Oanh', '0901234605', 'Dien Bien', '079123000039');
INSERT INTO KHACHHANG (MAKH, HOTEN, SDT, DIACHI, CCCD_GOC) VALUES ('KH40', 'Truong Van Phuc', '0901234606', 'Son La', '079123000040');

--------------------------------------------------------
-- 5. BANG DICHVU (30 Dich vu)
--------------------------------------------------------
INSERT INTO DICHVU VALUES ('DV01', 'Giat ui', 50000);
INSERT INTO DICHVU VALUES ('DV02', 'Nuoc suoi', 15000);
INSERT INTO DICHVU VALUES ('DV03', 'Coca Cola', 25000);
INSERT INTO DICHVU VALUES ('DV04', 'Bia Heineken', 35000);
INSERT INTO DICHVU VALUES ('DV05', 'Mi ly', 20000);
INSERT INTO DICHVU VALUES ('DV06', 'An sang Buffet', 150000);
INSERT INTO DICHVU VALUES ('DV07', 'Thue xe may', 200000);
INSERT INTO DICHVU VALUES ('DV08', 'Dua don san bay', 500000);
INSERT INTO DICHVU VALUES ('DV09', 'Spa Massage', 450000);
INSERT INTO DICHVU VALUES ('DV10', 'Don phong them', 100000);
INSERT INTO DICHVU VALUES ('DV11', 'Karaoke VIP', 300000);
INSERT INTO DICHVU VALUES ('DV12', 'Gym', 100000);
INSERT INTO DICHVU VALUES ('DV13', 'Ho boi ngoai troi', 200000);
INSERT INTO DICHVU VALUES ('DV14', 'Sauna & Steam', 250000);
INSERT INTO DICHVU VALUES ('DV15', 'An trua Set Menu', 200000);
INSERT INTO DICHVU VALUES ('DV16', 'An toi Buffet', 350000);
INSERT INTO DICHVU VALUES ('DV17', 'Tra chieu (Afternoon Tea)', 120000);
INSERT INTO DICHVU VALUES ('DV18', 'Thue xe 4 cho', 800000);
INSERT INTO DICHVU VALUES ('DV19', 'Thue xe 7 cho', 1200000);
INSERT INTO DICHVU VALUES ('DV20', 'Tour thanh pho', 500000);
INSERT INTO DICHVU VALUES ('DV21', 'Ruou vang do', 450000);
INSERT INTO DICHVU VALUES ('DV22', 'Ruou vang trang', 400000);
INSERT INTO DICHVU VALUES ('DV23', 'Whisky', 600000);
INSERT INTO DICHVU VALUES ('DV24', 'Cognac', 800000);
INSERT INTO DICHVU VALUES ('DV25', 'Hoa qua tuoi', 150000);
INSERT INTO DICHVU VALUES ('DV26', 'Banh ngot', 80000);
INSERT INTO DICHVU VALUES ('DV27', 'Ca phe phong', 40000);
INSERT INTO DICHVU VALUES ('DV28', 'Tra xanh', 30000);
INSERT INTO DICHVU VALUES ('DV29', 'In an tai lieu', 5000);
INSERT INTO DICHVU VALUES ('DV30', 'Cho thue phong hop', 2000000);

--------------------------------------------------------
-- 6. BANG DATPHONG (40 Don - Da Fix Logic)
--------------------------------------------------------
-- Giai doan 1 (Thang 1-9: DA THANH TOAN -> HD01-HD10)
INSERT INTO DATPHONG (MADP, MAKH, MAPHONG, MANV, NGAYDAT, NGAYDEN, NGAYDI, TRANGTHAI) VALUES ('DP01', 'KH01', 'P101', 'NV02', TO_DATE('2024-01-10', 'YYYY-MM-DD'), TO_DATE('2024-01-12', 'YYYY-MM-DD'), TO_DATE('2024-01-15', 'YYYY-MM-DD'), 'Da thanh toan');
INSERT INTO DATPHONG (MADP, MAKH, MAPHONG, MANV, NGAYDAT, NGAYDEN, NGAYDI, TRANGTHAI) VALUES ('DP02', 'KH02', 'P102', 'NV02', TO_DATE('2024-02-05', 'YYYY-MM-DD'), TO_DATE('2024-02-06', 'YYYY-MM-DD'), TO_DATE('2024-02-08', 'YYYY-MM-DD'), 'Da thanh toan');
INSERT INTO DATPHONG (MADP, MAKH, MAPHONG, MANV, NGAYDAT, NGAYDEN, NGAYDI, TRANGTHAI) VALUES ('DP03', 'KH03', 'P201', 'NV06', TO_DATE('2024-03-20', 'YYYY-MM-DD'), TO_DATE('2024-03-21', 'YYYY-MM-DD'), TO_DATE('2024-03-23', 'YYYY-MM-DD'), 'Da thanh toan');
INSERT INTO DATPHONG (MADP, MAKH, MAPHONG, MANV, NGAYDAT, NGAYDEN, NGAYDI, TRANGTHAI) VALUES ('DP04', 'KH04', 'P202', 'NV02', TO_DATE('2024-04-15', 'YYYY-MM-DD'), TO_DATE('2024-04-16', 'YYYY-MM-DD'), TO_DATE('2024-04-20', 'YYYY-MM-DD'), 'Da thanh toan');
INSERT INTO DATPHONG (MADP, MAKH, MAPHONG, MANV, NGAYDAT, NGAYDEN, NGAYDI, TRANGTHAI) VALUES ('DP05', 'KH05', 'P301', 'NV06', TO_DATE('2024-05-01', 'YYYY-MM-DD'), TO_DATE('2024-05-02', 'YYYY-MM-DD'), TO_DATE('2024-05-05', 'YYYY-MM-DD'), 'Da thanh toan');
INSERT INTO DATPHONG (MADP, MAKH, MAPHONG, MANV, NGAYDAT, NGAYDEN, NGAYDI, TRANGTHAI) VALUES ('DP06', 'KH06', 'P401', 'NV02', TO_DATE('2024-06-10', 'YYYY-MM-DD'), TO_DATE('2024-06-12', 'YYYY-MM-DD'), TO_DATE('2024-06-14', 'YYYY-MM-DD'), 'Da thanh toan');
INSERT INTO DATPHONG (MADP, MAKH, MAPHONG, MANV, NGAYDAT, NGAYDEN, NGAYDI, TRANGTHAI) VALUES ('DP07', 'KH07', 'P501', 'NV07', TO_DATE('2024-07-20', 'YYYY-MM-DD'), TO_DATE('2024-07-22', 'YYYY-MM-DD'), TO_DATE('2024-07-25', 'YYYY-MM-DD'), 'Da thanh toan');
INSERT INTO DATPHONG (MADP, MAKH, MAPHONG, MANV, NGAYDAT, NGAYDEN, NGAYDI, TRANGTHAI) VALUES ('DP08', 'KH08', 'P103', 'NV02', TO_DATE('2024-08-05', 'YYYY-MM-DD'), TO_DATE('2024-08-06', 'YYYY-MM-DD'), TO_DATE('2024-08-08', 'YYYY-MM-DD'), 'Da thanh toan');
INSERT INTO DATPHONG (MADP, MAKH, MAPHONG, MANV, NGAYDAT, NGAYDEN, NGAYDI, TRANGTHAI) VALUES ('DP09', 'KH09', 'P203', 'NV06', TO_DATE('2024-09-02', 'YYYY-MM-DD'), TO_DATE('2024-09-02', 'YYYY-MM-DD'), TO_DATE('2024-09-04', 'YYYY-MM-DD'), 'Da thanh toan');
INSERT INTO DATPHONG (MADP, MAKH, MAPHONG, MANV, NGAYDAT, NGAYDEN, NGAYDI, TRANGTHAI) VALUES ('DP10', 'KH10', 'P303', 'NV07', TO_DATE('2024-09-15', 'YYYY-MM-DD'), TO_DATE('2024-09-16', 'YYYY-MM-DD'), TO_DATE('2024-09-18', 'YYYY-MM-DD'), 'Da thanh toan');

-- Giai doan 2 (Thang 10-11: DA THANH TOAN -> HD11-HD20) (DU LIEU MOI DUOC TAO THEM)
INSERT INTO DATPHONG (MADP, MAKH, MAPHONG, MANV, NGAYDAT, NGAYDEN, NGAYDI, TRANGTHAI) VALUES ('DP11', 'KH11', 'P101', 'NV02', TO_DATE('2024-10-01', 'YYYY-MM-DD'), TO_DATE('2024-10-02', 'YYYY-MM-DD'), TO_DATE('2024-10-05', 'YYYY-MM-DD'), 'Da thanh toan');
INSERT INTO DATPHONG (MADP, MAKH, MAPHONG, MANV, NGAYDAT, NGAYDEN, NGAYDI, TRANGTHAI) VALUES ('DP12', 'KH12', 'P102', 'NV02', TO_DATE('2024-10-08', 'YYYY-MM-DD'), TO_DATE('2024-10-09', 'YYYY-MM-DD'), TO_DATE('2024-10-12', 'YYYY-MM-DD'), 'Da thanh toan');
INSERT INTO DATPHONG (MADP, MAKH, MAPHONG, MANV, NGAYDAT, NGAYDEN, NGAYDI, TRANGTHAI) VALUES ('DP13', 'KH13', 'P201', 'NV06', TO_DATE('2024-10-15', 'YYYY-MM-DD'), TO_DATE('2024-10-16', 'YYYY-MM-DD'), TO_DATE('2024-10-18', 'YYYY-MM-DD'), 'Da thanh toan');
INSERT INTO DATPHONG (MADP, MAKH, MAPHONG, MANV, NGAYDAT, NGAYDEN, NGAYDI, TRANGTHAI) VALUES ('DP14', 'KH14', 'P202', 'NV02', TO_DATE('2024-10-20', 'YYYY-MM-DD'), TO_DATE('2024-10-21', 'YYYY-MM-DD'), TO_DATE('2024-10-25', 'YYYY-MM-DD'), 'Da thanh toan');
INSERT INTO DATPHONG (MADP, MAKH, MAPHONG, MANV, NGAYDAT, NGAYDEN, NGAYDI, TRANGTHAI) VALUES ('DP15', 'KH15', 'P301', 'NV06', TO_DATE('2024-10-26', 'YYYY-MM-DD'), TO_DATE('2024-10-27', 'YYYY-MM-DD'), TO_DATE('2024-10-30', 'YYYY-MM-DD'), 'Da thanh toan');
INSERT INTO DATPHONG (MADP, MAKH, MAPHONG, MANV, NGAYDAT, NGAYDEN, NGAYDI, TRANGTHAI) VALUES ('DP16', 'KH16', 'P401', 'NV02', TO_DATE('2024-11-01', 'YYYY-MM-DD'), TO_DATE('2024-11-01', 'YYYY-MM-DD'), TO_DATE('2024-11-03', 'YYYY-MM-DD'), 'Da thanh toan');
INSERT INTO DATPHONG (MADP, MAKH, MAPHONG, MANV, NGAYDAT, NGAYDEN, NGAYDI, TRANGTHAI) VALUES ('DP17', 'KH17', 'P501', 'NV07', TO_DATE('2024-11-05', 'YYYY-MM-DD'), TO_DATE('2024-11-06', 'YYYY-MM-DD'), TO_DATE('2024-11-08', 'YYYY-MM-DD'), 'Da thanh toan');
INSERT INTO DATPHONG (MADP, MAKH, MAPHONG, MANV, NGAYDAT, NGAYDEN, NGAYDI, TRANGTHAI) VALUES ('DP18', 'KH18', 'P103', 'NV02', TO_DATE('2024-11-10', 'YYYY-MM-DD'), TO_DATE('2024-11-12', 'YYYY-MM-DD'), TO_DATE('2024-11-15', 'YYYY-MM-DD'), 'Da thanh toan');
INSERT INTO DATPHONG (MADP, MAKH, MAPHONG, MANV, NGAYDAT, NGAYDEN, NGAYDI, TRANGTHAI) VALUES ('DP19', 'KH19', 'P203', 'NV06', TO_DATE('2024-11-18', 'YYYY-MM-DD'), TO_DATE('2024-11-18', 'YYYY-MM-DD'), TO_DATE('2024-11-20', 'YYYY-MM-DD'), 'Da thanh toan');
INSERT INTO DATPHONG (MADP, MAKH, MAPHONG, MANV, NGAYDAT, NGAYDEN, NGAYDI, TRANGTHAI) VALUES ('DP20', 'KH20', 'P303', 'NV07', TO_DATE('2024-11-25', 'YYYY-MM-DD'), TO_DATE('2024-11-26', 'YYYY-MM-DD'), TO_DATE('2024-11-28', 'YYYY-MM-DD'), 'Da thanh toan');

-- Giai doan 3 (Thang 12: DA THANH TOAN -> HD21-HD30) (DU LIEU MOI DUOC TAO THEM)
INSERT INTO DATPHONG (MADP, MAKH, MAPHONG, MANV, NGAYDAT, NGAYDEN, NGAYDI, TRANGTHAI) VALUES ('DP21', 'KH21', 'P402', 'NV02', TO_DATE('2024-11-29', 'YYYY-MM-DD'), TO_DATE('2024-11-30', 'YYYY-MM-DD'), TO_DATE('2024-12-02', 'YYYY-MM-DD'), 'Da thanh toan');
INSERT INTO DATPHONG (MADP, MAKH, MAPHONG, MANV, NGAYDAT, NGAYDEN, NGAYDI, TRANGTHAI) VALUES ('DP22', 'KH22', 'P404', 'NV02', TO_DATE('2024-12-01', 'YYYY-MM-DD'), TO_DATE('2024-12-02', 'YYYY-MM-DD'), TO_DATE('2024-12-05', 'YYYY-MM-DD'), 'Da thanh toan');
INSERT INTO DATPHONG (MADP, MAKH, MAPHONG, MANV, NGAYDAT, NGAYDEN, NGAYDI, TRANGTHAI) VALUES ('DP23', 'KH23', 'P505', 'NV06', TO_DATE('2024-12-05', 'YYYY-MM-DD'), TO_DATE('2024-12-06', 'YYYY-MM-DD'), TO_DATE('2024-12-08', 'YYYY-MM-DD'), 'Da thanh toan');
INSERT INTO DATPHONG (MADP, MAKH, MAPHONG, MANV, NGAYDAT, NGAYDEN, NGAYDI, TRANGTHAI) VALUES ('DP24', 'KH24', 'P302', 'NV02', TO_DATE('2024-12-07', 'YYYY-MM-DD'), TO_DATE('2024-12-08', 'YYYY-MM-DD'), TO_DATE('2024-12-10', 'YYYY-MM-DD'), 'Da thanh toan');
INSERT INTO DATPHONG (MADP, MAKH, MAPHONG, MANV, NGAYDAT, NGAYDEN, NGAYDI, TRANGTHAI) VALUES ('DP25', 'KH25', 'P504', 'NV06', TO_DATE('2024-12-09', 'YYYY-MM-DD'), TO_DATE('2024-12-10', 'YYYY-MM-DD'), TO_DATE('2024-12-12', 'YYYY-MM-DD'), 'Da thanh toan');
INSERT INTO DATPHONG (MADP, MAKH, MAPHONG, MANV, NGAYDAT, NGAYDEN, NGAYDI, TRANGTHAI) VALUES ('DP26', 'KH26', 'P105', 'NV02', TO_DATE('2024-12-12', 'YYYY-MM-DD'), TO_DATE('2024-12-13', 'YYYY-MM-DD'), TO_DATE('2024-12-15', 'YYYY-MM-DD'), 'Da thanh toan');
INSERT INTO DATPHONG (MADP, MAKH, MAPHONG, MANV, NGAYDAT, NGAYDEN, NGAYDI, TRANGTHAI) VALUES ('DP27', 'KH27', 'P205', 'NV07', TO_DATE('2024-12-15', 'YYYY-MM-DD'), TO_DATE('2024-12-16', 'YYYY-MM-DD'), TO_DATE('2024-12-18', 'YYYY-MM-DD'), 'Da thanh toan');
INSERT INTO DATPHONG (MADP, MAKH, MAPHONG, MANV, NGAYDAT, NGAYDEN, NGAYDI, TRANGTHAI) VALUES ('DP28', 'KH28', 'P305', 'NV02', TO_DATE('2024-12-18', 'YYYY-MM-DD'), TO_DATE('2024-12-19', 'YYYY-MM-DD'), TO_DATE('2024-12-20', 'YYYY-MM-DD'), 'Da thanh toan');
INSERT INTO DATPHONG (MADP, MAKH, MAPHONG, MANV, NGAYDAT, NGAYDEN, NGAYDI, TRANGTHAI) VALUES ('DP29', 'KH29', 'P405', 'NV06', TO_DATE('2024-12-20', 'YYYY-MM-DD'), TO_DATE('2024-12-20', 'YYYY-MM-DD'), TO_DATE('2024-12-22', 'YYYY-MM-DD'), 'Da thanh toan');
INSERT INTO DATPHONG (MADP, MAKH, MAPHONG, MANV, NGAYDAT, NGAYDEN, NGAYDI, TRANGTHAI) VALUES ('DP30', 'KH30', 'P503', 'NV07', TO_DATE('2024-12-22', 'YYYY-MM-DD'), TO_DATE('2024-12-23', 'YYYY-MM-DD'), TO_DATE('2024-12-25', 'YYYY-MM-DD'), 'Da thanh toan');

-- Dang o (Current) - DOI MA SANG DP31-DP36 de khong trung voi HD11-16
INSERT INTO DATPHONG (MADP, MAKH, MAPHONG, MANV, NGAYDAT, NGAYDEN, NGAYDI, TRANGTHAI) VALUES ('DP31', 'KH31', 'P101', 'NV02', SYSDATE-1, SYSDATE, NULL, 'Dang o');
INSERT INTO DATPHONG (MADP, MAKH, MAPHONG, MANV, NGAYDAT, NGAYDEN, NGAYDI, TRANGTHAI) VALUES ('DP32', 'KH32', 'P103', 'NV06', SYSDATE-2, SYSDATE-1, NULL, 'Dang o');
INSERT INTO DATPHONG (MADP, MAKH, MAPHONG, MANV, NGAYDAT, NGAYDEN, NGAYDI, TRANGTHAI) VALUES ('DP33', 'KH33', 'P202', 'NV07', SYSDATE, SYSDATE, NULL, 'Dang o');
INSERT INTO DATPHONG (MADP, MAKH, MAPHONG, MANV, NGAYDAT, NGAYDEN, NGAYDI, TRANGTHAI) VALUES ('DP34', 'KH34', 'P301', 'NV02', SYSDATE-3, SYSDATE-2, NULL, 'Dang o');
INSERT INTO DATPHONG (MADP, MAKH, MAPHONG, MANV, NGAYDAT, NGAYDEN, NGAYDI, TRANGTHAI) VALUES ('DP35', 'KH35', 'P304', 'NV06', SYSDATE, SYSDATE, NULL, 'Dang o');
INSERT INTO DATPHONG (MADP, MAKH, MAPHONG, MANV, NGAYDAT, NGAYDEN, NGAYDI, TRANGTHAI) VALUES ('DP36', 'KH36', 'P403', 'NV07', SYSDATE-1, SYSDATE, NULL, 'Dang o');

-- Dat truoc (Future) - DOI MA SANG DP37-DP40
INSERT INTO DATPHONG (MADP, MAKH, MAPHONG, MANV, NGAYDAT, NGAYDEN, NGAYDI, TRANGTHAI) VALUES ('DP37', 'KH37', 'P501', 'NV02', SYSDATE, SYSDATE+5, SYSDATE+7, 'Da dat');
INSERT INTO DATPHONG (MADP, MAKH, MAPHONG, MANV, NGAYDAT, NGAYDEN, NGAYDI, TRANGTHAI) VALUES ('DP38', 'KH38', 'P502', 'NV06', SYSDATE, SYSDATE+10, SYSDATE+12, 'Da dat');
INSERT INTO DATPHONG (MADP, MAKH, MAPHONG, MANV, NGAYDAT, NGAYDEN, NGAYDI, TRANGTHAI) VALUES ('DP39', 'KH39', 'P503', 'NV07', SYSDATE, SYSDATE+2, SYSDATE+4, 'Da dat');
INSERT INTO DATPHONG (MADP, MAKH, MAPHONG, MANV, NGAYDAT, NGAYDEN, NGAYDI, TRANGTHAI) VALUES ('DP40', 'KH40', 'P504', 'NV02', SYSDATE, SYSDATE+20, SYSDATE+25, 'Da dat');

--------------------------------------------------------
-- 7. BANG HOADON (30 Hoa don - Da Fix MA DP)
--------------------------------------------------------
INSERT INTO HOADON (MAHD, MADP, MANV, NGAYLAP, TONGTIEN) VALUES ('HD01', 'DP01', 'NV02', TO_DATE('2024-01-15', 'YYYY-MM-DD'), 2000000);
INSERT INTO HOADON (MAHD, MADP, MANV, NGAYLAP, TONGTIEN) VALUES ('HD02', 'DP02', 'NV02', TO_DATE('2024-02-08', 'YYYY-MM-DD'), 1500000);
INSERT INTO HOADON (MAHD, MADP, MANV, NGAYLAP, TONGTIEN) VALUES ('HD03', 'DP03', 'NV06', TO_DATE('2024-03-23', 'YYYY-MM-DD'), 3000000);
INSERT INTO HOADON (MAHD, MADP, MANV, NGAYLAP, TONGTIEN) VALUES ('HD04', 'DP04', 'NV02', TO_DATE('2024-04-20', 'YYYY-MM-DD'), 4000000);
INSERT INTO HOADON (MAHD, MADP, MANV, NGAYLAP, TONGTIEN) VALUES ('HD05', 'DP05', 'NV06', TO_DATE('2024-05-05', 'YYYY-MM-DD'), 5000000);
INSERT INTO HOADON (MAHD, MADP, MANV, NGAYLAP, TONGTIEN) VALUES ('HD06', 'DP06', 'NV02', TO_DATE('2024-06-14', 'YYYY-MM-DD'), 3500000);
INSERT INTO HOADON (MAHD, MADP, MANV, NGAYLAP, TONGTIEN) VALUES ('HD07', 'DP07', 'NV07', TO_DATE('2024-07-25', 'YYYY-MM-DD'), 2500000);
INSERT INTO HOADON (MAHD, MADP, MANV, NGAYLAP, TONGTIEN) VALUES ('HD08', 'DP08', 'NV02', TO_DATE('2024-08-08', 'YYYY-MM-DD'), 1800000);
INSERT INTO HOADON (MAHD, MADP, MANV, NGAYLAP, TONGTIEN) VALUES ('HD09', 'DP09', 'NV06', TO_DATE('2024-09-04', 'YYYY-MM-DD'), 2200000);
INSERT INTO HOADON (MAHD, MADP, MANV, NGAYLAP, TONGTIEN) VALUES ('HD10', 'DP10', 'NV07', TO_DATE('2024-09-18', 'YYYY-MM-DD'), 4500000);

-- Sua lai MADP thanh DP11-DP15
INSERT INTO HOADON (MAHD, MADP, MANV, NGAYLAP, TONGTIEN) VALUES ('HD11', 'DP11', 'NV03', TO_DATE('2024-10-05', 'YYYY-MM-DD'), 2800000);
INSERT INTO HOADON (MAHD, MADP, MANV, NGAYLAP, TONGTIEN) VALUES ('HD12', 'DP12', 'NV03', TO_DATE('2024-10-12', 'YYYY-MM-DD'), 3200000);
INSERT INTO HOADON (MAHD, MADP, MANV, NGAYLAP, TONGTIEN) VALUES ('HD13', 'DP13', 'NV16', TO_DATE('2024-10-18', 'YYYY-MM-DD'), 4500000);
INSERT INTO HOADON (MAHD, MADP, MANV, NGAYLAP, TONGTIEN) VALUES ('HD14', 'DP14', 'NV03', TO_DATE('2024-10-25', 'YYYY-MM-DD'), 5200000);
INSERT INTO HOADON (MAHD, MADP, MANV, NGAYLAP, TONGTIEN) VALUES ('HD15', 'DP15', 'NV16', TO_DATE('2024-10-30', 'YYYY-MM-DD'), 6800000);

-- Sua lai MADP thanh DP16-DP20
INSERT INTO HOADON (MAHD, MADP, MANV, NGAYLAP, TONGTIEN) VALUES ('HD16', 'DP16', 'NV03', TO_DATE('2024-11-03', 'YYYY-MM-DD'), 4200000);
INSERT INTO HOADON (MAHD, MADP, MANV, NGAYLAP, TONGTIEN) VALUES ('HD17', 'DP17', 'NV16', TO_DATE('2024-11-08', 'YYYY-MM-DD'), 3900000);
INSERT INTO HOADON (MAHD, MADP, MANV, NGAYLAP, TONGTIEN) VALUES ('HD18', 'DP18', 'NV03', TO_DATE('2024-11-15', 'YYYY-MM-DD'), 2600000);
INSERT INTO HOADON (MAHD, MADP, MANV, NGAYLAP, TONGTIEN) VALUES ('HD19', 'DP19', 'NV16', TO_DATE('2024-11-20', 'YYYY-MM-DD'), 5500000);
INSERT INTO HOADON (MAHD, MADP, MANV, NGAYLAP, TONGTIEN) VALUES ('HD20', 'DP20', 'NV03', TO_DATE('2024-11-28', 'YYYY-MM-DD'), 7200000);

-- Sua lai MADP thanh DP21-DP25
INSERT INTO HOADON (MAHD, MADP, MANV, NGAYLAP, TONGTIEN) VALUES ('HD21', 'DP21', 'NV16', TO_DATE('2024-12-02', 'YYYY-MM-DD'), 3500000);
INSERT INTO HOADON (MAHD, MADP, MANV, NGAYLAP, TONGTIEN) VALUES ('HD22', 'DP22', 'NV03', TO_DATE('2024-12-05', 'YYYY-MM-DD'), 4100000);
INSERT INTO HOADON (MAHD, MADP, MANV, NGAYLAP, TONGTIEN) VALUES ('HD23', 'DP23', 'NV16', TO_DATE('2024-12-08', 'YYYY-MM-DD'), 6500000);
INSERT INTO HOADON (MAHD, MADP, MANV, NGAYLAP, TONGTIEN) VALUES ('HD24', 'DP24', 'NV03', TO_DATE('2024-12-10', 'YYYY-MM-DD'), 8900000);
INSERT INTO HOADON (MAHD, MADP, MANV, NGAYLAP, TONGTIEN) VALUES ('HD25', 'DP25', 'NV16', TO_DATE('2024-12-12', 'YYYY-MM-DD'), 5800000);

-- Sua lai MADP thanh DP26-DP30
INSERT INTO HOADON (MAHD, MADP, MANV, NGAYLAP, TONGTIEN) VALUES ('HD26', 'DP26', 'NV03', TO_DATE('2024-12-15', 'YYYY-MM-DD'), 4700000);
INSERT INTO HOADON (MAHD, MADP, MANV, NGAYLAP, TONGTIEN) VALUES ('HD27', 'DP27', 'NV16', TO_DATE('2024-12-18', 'YYYY-MM-DD'), 9200000);
INSERT INTO HOADON (MAHD, MADP, MANV, NGAYLAP, TONGTIEN) VALUES ('HD28', 'DP28', 'NV03', TO_DATE('2024-12-20', 'YYYY-MM-DD'), 3300000);
INSERT INTO HOADON (MAHD, MADP, MANV, NGAYLAP, TONGTIEN) VALUES ('HD29', 'DP29', 'NV16', TO_DATE('2024-12-22', 'YYYY-MM-DD'), 7600000);
INSERT INTO HOADON (MAHD, MADP, MANV, NGAYLAP, TONGTIEN) VALUES ('HD30', 'DP30', 'NV03', TO_DATE('2024-12-25', 'YYYY-MM-DD'), 12500000);

--------------------------------------------------------
-- 8. BANG CHITIET_DICHVU (Chi tiet cho cac hoa don)
--------------------------------------------------------
-- HD01
INSERT INTO CHITIET_DICHVU (MAHD, MADV, SOLUONG, THANHTIEN) VALUES ('HD01', 'DV02', 2, 30000);
INSERT INTO CHITIET_DICHVU (MAHD, MADV, SOLUONG, THANHTIEN) VALUES ('HD01', 'DV05', 1, 20000);
-- HD02
INSERT INTO CHITIET_DICHVU (MAHD, MADV, SOLUONG, THANHTIEN) VALUES ('HD02', 'DV01', 1, 50000);
-- HD03
INSERT INTO CHITIET_DICHVU (MAHD, MADV, SOLUONG, THANHTIEN) VALUES ('HD03', 'DV06', 2, 300000);
INSERT INTO CHITIET_DICHVU (MAHD, MADV, SOLUONG, THANHTIEN) VALUES ('HD03', 'DV07', 1, 200000);
-- HD04
INSERT INTO CHITIET_DICHVU (MAHD, MADV, SOLUONG, THANHTIEN) VALUES ('HD04', 'DV04', 5, 175000);
-- HD05
INSERT INTO CHITIET_DICHVU (MAHD, MADV, SOLUONG, THANHTIEN) VALUES ('HD05', 'DV08', 1, 500000);
INSERT INTO CHITIET_DICHVU (MAHD, MADV, SOLUONG, THANHTIEN) VALUES ('HD05', 'DV09', 1, 450000);
-- HD06
INSERT INTO CHITIET_DICHVU (MAHD, MADV, SOLUONG, THANHTIEN) VALUES ('HD06', 'DV02', 4, 60000);
-- HD07
INSERT INTO CHITIET_DICHVU (MAHD, MADV, SOLUONG, THANHTIEN) VALUES ('HD07', 'DV10', 1, 100000);
-- HD08
INSERT INTO CHITIET_DICHVU (MAHD, MADV, SOLUONG, THANHTIEN) VALUES ('HD08', 'DV03', 2, 50000);
-- HD09
INSERT INTO CHITIET_DICHVU (MAHD, MADV, SOLUONG, THANHTIEN) VALUES ('HD09', 'DV06', 2, 300000);
-- HD10
INSERT INTO CHITIET_DICHVU (MAHD, MADV, SOLUONG, THANHTIEN) VALUES ('HD10', 'DV09', 2, 900000);

-- HD11 - Khách VIP, nhi?u d?ch v? cao c?p
INSERT INTO CHITIET_DICHVU (MAHD, MADV, SOLUONG, THANHTIEN) VALUES ('HD11', 'DV09', 2, 900000);
INSERT INTO CHITIET_DICHVU (MAHD, MADV, SOLUONG, THANHTIEN) VALUES ('HD11', 'DV11', 1, 300000);
INSERT INTO CHITIET_DICHVU (MAHD, MADV, SOLUONG, THANHTIEN) VALUES ('HD11', 'DV21', 1, 450000);
INSERT INTO CHITIET_DICHVU (MAHD, MADV, SOLUONG, THANHTIEN) VALUES ('HD11', 'DV25', 2, 300000);
INSERT INTO CHITIET_DICHVU (MAHD, MADV, SOLUONG, THANHTIEN) VALUES ('HD11', 'DV06', 3, 450000);

-- HD12 - Khách thuê xe và tour
INSERT INTO CHITIET_DICHVU (MAHD, MADV, SOLUONG, THANHTIEN) VALUES ('HD12', 'DV18', 2, 1600000);
INSERT INTO CHITIET_DICHVU (MAHD, MADV, SOLUONG, THANHTIEN) VALUES ('HD12', 'DV20', 1, 500000);
INSERT INTO CHITIET_DICHVU (MAHD, MADV, SOLUONG, THANHTIEN) VALUES ('HD12', 'DV15', 2, 400000);
INSERT INTO CHITIET_DICHVU (MAHD, MADV, SOLUONG, THANHTIEN) VALUES ('HD12', 'DV27', 4, 160000);

-- HD13 - Khách h?i ngh?
INSERT INTO CHITIET_DICHVU (MAHD, MADV, SOLUONG, THANHTIEN) VALUES ('HD13', 'DV30', 1, 2000000);
INSERT INTO CHITIET_DICHVU (MAHD, MADV, SOLUONG, THANHTIEN) VALUES ('HD13', 'DV16', 10, 3500000);
INSERT INTO CHITIET_DICHVU (MAHD, MADV, SOLUONG, THANHTIEN) VALUES ('HD13', 'DV27', 20, 800000);
INSERT INTO CHITIET_DICHVU (MAHD, MADV, SOLUONG, THANHTIEN) VALUES ('HD13', 'DV29', 50, 250000);

-- HD14 - Gia ?ình ngh? d??ng
INSERT INTO CHITIET_DICHVU (MAHD, MADV, SOLUONG, THANHTIEN) VALUES ('HD14', 'DV13', 3, 600000);
INSERT INTO CHITIET_DICHVU (MAHD, MADV, SOLUONG, THANHTIEN) VALUES ('HD14', 'DV14', 2, 500000);
INSERT INTO CHITIET_DICHVU (MAHD, MADV, SOLUONG, THANHTIEN) VALUES ('HD14', 'DV06', 4, 600000);
INSERT INTO CHITIET_DICHVU (MAHD, MADV, SOLUONG, THANHTIEN) VALUES ('HD14', 'DV16', 3, 1050000);
INSERT INTO CHITIET_DICHVU (MAHD, MADV, SOLUONG, THANHTIEN) VALUES ('HD14', 'DV25', 2, 300000);

-- HD15 - Khách VIP Suite
INSERT INTO CHITIET_DICHVU (MAHD, MADV, SOLUONG, THANHTIEN) VALUES ('HD15', 'DV09', 3, 1350000);
INSERT INTO CHITIET_DICHVU (MAHD, MADV, SOLUONG, THANHTIEN) VALUES ('HD15', 'DV14', 2, 500000);
INSERT INTO CHITIET_DICHVU (MAHD, MADV, SOLUONG, THANHTIEN) VALUES ('HD15', 'DV24', 1, 800000);
INSERT INTO CHITIET_DICHVU (MAHD, MADV, SOLUONG, THANHTIEN) VALUES ('HD15', 'DV19', 1, 1200000);
INSERT INTO CHITIET_DICHVU (MAHD, MADV, SOLUONG, THANHTIEN) VALUES ('HD15', 'DV08', 1, 500000);

-- HD16 - Khách th? thao
INSERT INTO CHITIET_DICHVU (MAHD, MADV, SOLUONG, THANHTIEN) VALUES ('HD16', 'DV12', 3, 300000);
INSERT INTO CHITIET_DICHVU (MAHD, MADV, SOLUONG, THANHTIEN) VALUES ('HD16', 'DV13', 3, 600000);
INSERT INTO CHITIET_DICHVU (MAHD, MADV, SOLUONG, THANHTIEN) VALUES ('HD16', 'DV15', 3, 600000);
INSERT INTO CHITIET_DICHVU (MAHD, MADV, SOLUONG, THANHTIEN) VALUES ('HD16', 'DV02', 10, 150000);

-- HD17 - Khách ?n u?ng cao c?p
INSERT INTO CHITIET_DICHVU (MAHD, MADV, SOLUONG, THANHTIEN) VALUES ('HD17', 'DV16', 4, 1400000);
INSERT INTO CHITIET_DICHVU (MAHD, MADV, SOLUONG, THANHTIEN) VALUES ('HD17', 'DV21', 2, 900000);
INSERT INTO CHITIET_DICHVU (MAHD, MADV, SOLUONG, THANHTIEN) VALUES ('HD17', 'DV23', 1, 600000);
INSERT INTO CHITIET_DICHVU (MAHD, MADV, SOLUONG, THANHTIEN) VALUES ('HD17', 'DV26', 5, 400000);

-- HD18 - Khách business
INSERT INTO CHITIET_DICHVU (MAHD, MADV, SOLUONG, THANHTIEN) VALUES ('HD18', 'DV18', 1, 800000);
INSERT INTO CHITIET_DICHVU (MAHD, MADV, SOLUONG, THANHTIEN) VALUES ('HD18', 'DV27', 8, 320000);
INSERT INTO CHITIET_DICHVU (MAHD, MADV, SOLUONG, THANHTIEN) VALUES ('HD18', 'DV29', 30, 150000);
INSERT INTO CHITIET_DICHVU (MAHD, MADV, SOLUONG, THANHTIEN) VALUES ('HD18', 'DV01', 2, 100000);

-- HD19 - Khách spa & wellness
INSERT INTO CHITIET_DICHVU (MAHD, MADV, SOLUONG, THANHTIEN) VALUES ('HD19', 'DV09', 4, 1800000);
INSERT INTO CHITIET_DICHVU (MAHD, MADV, SOLUONG, THANHTIEN) VALUES ('HD19', 'DV14', 3, 750000);
INSERT INTO CHITIET_DICHVU (MAHD, MADV, SOLUONG, THANHTIEN) VALUES ('HD19', 'DV17', 2, 240000);
INSERT INTO CHITIET_DICHVU (MAHD, MADV, SOLUONG, THANHTIEN) VALUES ('HD19', 'DV25', 3, 450000);

-- HD20 - Khách cao c?p nhi?u d?ch v?
INSERT INTO CHITIET_DICHVU (MAHD, MADV, SOLUONG, THANHTIEN) VALUES ('HD20', 'DV09', 5, 2250000);
INSERT INTO CHITIET_DICHVU (MAHD, MADV, SOLUONG, THANHTIEN) VALUES ('HD20', 'DV11', 2, 600000);
INSERT INTO CHITIET_DICHVU (MAHD, MADV, SOLUONG, THANHTIEN) VALUES ('HD20', 'DV24', 1, 800000);
INSERT INTO CHITIET_DICHVU (MAHD, MADV, SOLUONG, THANHTIEN) VALUES ('HD20', 'DV19', 2, 2400000);
INSERT INTO CHITIET_DICHVU (MAHD, MADV, SOLUONG, THANHTIEN) VALUES ('HD20', 'DV16', 3, 1050000);

-- HD21 - Khách du l?ch
INSERT INTO CHITIET_DICHVU (MAHD, MADV, SOLUONG, THANHTIEN) VALUES ('HD21', 'DV20', 2, 1000000);
INSERT INTO CHITIET_DICHVU (MAHD, MADV, SOLUONG, THANHTIEN) VALUES ('HD21', 'DV07', 2, 400000);
INSERT INTO CHITIET_DICHVU (MAHD, MADV, SOLUONG, THANHTIEN) VALUES ('HD21', 'DV06', 3, 450000);
INSERT INTO CHITIET_DICHVU (MAHD, MADV, SOLUONG, THANHTIEN) VALUES ('HD21', 'DV02', 6, 90000);

-- HD22 - Khách minibar & room service
INSERT INTO CHITIET_DICHVU (MAHD, MADV, SOLUONG, THANHTIEN) VALUES ('HD22', 'DV22', 2, 800000);
INSERT INTO CHITIET_DICHVU (MAHD, MADV, SOLUONG, THANHTIEN) VALUES ('HD22', 'DV04', 12, 420000);
INSERT INTO CHITIET_DICHVU (MAHD, MADV, SOLUONG, THANHTIEN) VALUES ('HD22', 'DV03', 8, 200000);
INSERT INTO CHITIET_DICHVU (MAHD, MADV, SOLUONG, THANHTIEN) VALUES ('HD22', 'DV26', 4, 320000);
INSERT INTO CHITIET_DICHVU (MAHD, MADV, SOLUONG, THANHTIEN) VALUES ('HD22', 'DV15', 3, 600000);

-- HD23 - S? ki?n ??c bi?t
INSERT INTO CHITIET_DICHVU (MAHD, MADV, SOLUONG, THANHTIEN) VALUES ('HD23', 'DV30', 1, 2000000);
INSERT INTO CHITIET_DICHVU (MAHD, MADV, SOLUONG, THANHTIEN) VALUES ('HD23', 'DV16', 15, 5250000);
INSERT INTO CHITIET_DICHVU (MAHD, MADV, SOLUONG, THANHTIEN) VALUES ('HD23', 'DV21', 3, 1350000);
INSERT INTO CHITIET_DICHVU (MAHD, MADV, SOLUONG, THANHTIEN) VALUES ('HD23', 'DV11', 2, 600000);

-- HD24 - Khách VIP t?ng th?ng
INSERT INTO CHITIET_DICHVU (MAHD, MADV, SOLUONG, THANHTIEN) VALUES ('HD24', 'DV09', 6, 2700000);
INSERT INTO CHITIET_DICHVU (MAHD, MADV, SOLUONG, THANHTIEN) VALUES ('HD24', 'DV24', 2, 1600000);
INSERT INTO CHITIET_DICHVU (MAHD, MADV, SOLUONG, THANHTIEN) VALUES ('HD24', 'DV19', 3, 3600000);
INSERT INTO CHITIET_DICHVU (MAHD, MADV, SOLUONG, THANHTIEN) VALUES ('HD24', 'DV08', 2, 1000000);
INSERT INTO CHITIET_DICHVU (MAHD, MADV, SOLUONG, THANHTIEN) VALUES ('HD24', 'DV14', 3, 750000);

-- HD25 - Khách th? giãn
INSERT INTO CHITIET_DICHVU (MAHD, MADV, SOLUONG, THANHTIEN) VALUES ('HD25', 'DV13', 4, 800000);
INSERT INTO CHITIET_DICHVU (MAHD, MADV, SOLUONG, THANHTIEN) VALUES ('HD25', 'DV14', 4, 1000000);
INSERT INTO CHITIET_DICHVU (MAHD, MADV, SOLUONG, THANHTIEN) VALUES ('HD25', 'DV09', 3, 1350000);
INSERT INTO CHITIET_DICHVU (MAHD, MADV, SOLUONG, THANHTIEN) VALUES ('HD25', 'DV17', 3, 360000);

-- HD26 - Khách gia ?ình
INSERT INTO CHITIET_DICHVU (MAHD, MADV, SOLUONG, THANHTIEN) VALUES ('HD26', 'DV06', 5, 750000);
INSERT INTO CHITIET_DICHVU (MAHD, MADV, SOLUONG, THANHTIEN) VALUES ('HD26', 'DV16', 4, 1400000);
INSERT INTO CHITIET_DICHVU (MAHD, MADV, SOLUONG, THANHTIEN) VALUES ('HD26', 'DV13', 3, 600000);
INSERT INTO CHITIET_DICHVU (MAHD, MADV, SOLUONG, THANHTIEN) VALUES ('HD26', 'DV25', 3, 450000);

-- HD27 - Khách t? ch?c ti?c l?n
INSERT INTO CHITIET_DICHVU (MAHD, MADV, SOLUONG, THANHTIEN) VALUES ('HD27', 'DV30', 2, 4000000);
INSERT INTO CHITIET_DICHVU (MAHD, MADV, SOLUONG, THANHTIEN) VALUES ('HD27', 'DV16', 20, 7000000);
INSERT INTO CHITIET_DICHVU (MAHD, MADV, SOLUONG, THANHTIEN) VALUES ('HD27', 'DV21', 5, 2250000);
INSERT INTO CHITIET_DICHVU (MAHD, MADV, SOLUONG, THANHTIEN) VALUES ('HD27', 'DV23', 3, 1800000);
INSERT INTO CHITIET_DICHVU (MAHD, MADV, SOLUONG, THANHTIEN) VALUES ('HD27', 'DV11', 1, 300000);

-- HD28 - Khách tiêu chu?n
INSERT INTO CHITIET_DICHVU (MAHD, MADV, SOLUONG, THANHTIEN) VALUES ('HD28', 'DV06', 3, 450000);
INSERT INTO CHITIET_DICHVU (MAHD, MADV, SOLUONG, THANHTIEN) VALUES ('HD28', 'DV15', 2, 400000);
INSERT INTO CHITIET_DICHVU (MAHD, MADV, SOLUONG, THANHTIEN) VALUES ('HD28', 'DV01', 2, 100000);
INSERT INTO CHITIET_DICHVU (MAHD, MADV, SOLUONG, THANHTIEN) VALUES ('HD28', 'DV02', 5, 75000);

-- HD29 - Khách du l?ch cao c?p
INSERT INTO CHITIET_DICHVU (MAHD, MADV, SOLUONG, THANHTIEN) VALUES ('HD29', 'DV19', 3, 3600000);
INSERT INTO CHITIET_DICHVU (MAHD, MADV, SOLUONG, THANHTIEN) VALUES ('HD29', 'DV20', 2, 1000000);
INSERT INTO CHITIET_DICHVU (MAHD, MADV, SOLUONG, THANHTIEN) VALUES ('HD29', 'DV09', 4, 1800000);
INSERT INTO CHITIET_DICHVU (MAHD, MADV, SOLUONG, THANHTIEN) VALUES ('HD29', 'DV16', 3, 1050000);

-- HD30 - Khách VIP ??c bi?t (Giáng sinh)
INSERT INTO CHITIET_DICHVU (MAHD, MADV, SOLUONG, THANHTIEN) VALUES ('HD30', 'DV24', 3, 2400000);
INSERT INTO CHITIET_DICHVU (MAHD, MADV, SOLUONG, THANHTIEN) VALUES ('HD30', 'DV09', 8, 3600000);
INSERT INTO CHITIET_DICHVU (MAHD, MADV, SOLUONG, THANHTIEN) VALUES ('HD30', 'DV19', 4, 4800000);
INSERT INTO CHITIET_DICHVU (MAHD, MADV, SOLUONG, THANHTIEN) VALUES ('HD30', 'DV16', 10, 3500000);
INSERT INTO CHITIET_DICHVU (MAHD, MADV, SOLUONG, THANHTIEN) VALUES ('HD30', 'DV11', 3, 900000);
INSERT INTO CHITIET_DICHVU (MAHD, MADV, SOLUONG, THANHTIEN) VALUES ('HD30', 'DV30', 1, 2000000);

COMMIT;

-- SET ADMIN
UPDATE NHANVIEN
SET CHUCVU = 'ADMIN'
WHERE MANV = 'NV01';

COMMIT;

-- SET CAC NHAN VIEN CON LAI (FIX LOI LOGIC O DAY)
-- Ban cu: WHERE MANV <> 'NV1' -> Sai, vi MANV la 'NV01'
-- Ban sua:
UPDATE NHANVIEN 
SET CHUCVU = 'NHANVIEN'
WHERE MANV <> 'NV01'; 

COMMIT;

SELECT * FROM NHANVIEN;